order_id,order_item_id,product_id,seller_id,shipping_limit_date,price
0000000001,3,PID000001,SID2777,2023-01-01 00:00:00,177.25
0000000002,4,PID000002,SID5766,2023-01-02 00:00:00,285.8
0000000003,1,PID000003,SID5534,2023-01-03 00:00:00,185.24
0000000004,3,PID000004,SID8399,2023-01-04 00:00:00,97.82
0000000005,3,PID000005,SID4138,2023-01-05 00:00:00,129.43
0000000006,4,PID000006,SID2976,2023-01-06 00:00:00,466.17
0000000007,1,PID000007,SID9288,2023-01-07 00:00:00,214.27
0000000008,1,PID000008,SID2402,2023-01-08 00:00:00,370.63
0000000009,3,PID000009,SID3695,2023-01-09 00:00:00,508.38
0000000010,2,PID000010,SID7545,2023-01-10 00:00:00,693.49
0000000011,3,PID000011,SID8831,2023-01-11 00:00:00,48.92
0000000012,3,PID000012,SID7568,2023-01-12 00:00:00,801.42
0000000013,3,PID000013,SID2776,2023-01-13 00:00:00,631.62
0000000014,3,PID000014,SID4345,2023-01-14 00:00:00,90.94
0000000015,4,PID000015,SID1786,2023-01-15 00:00:00,874.84
0000000016,1,PID000016,SID5356,2023-01-16 00:00:00,921.66
0000000017,4,PID000017,SID4443,2023-01-17 00:00:00,70.47
0000000018,4,PID000018,SID8477,2023-01-18 00:00:00,284.11
0000000019,4,PID000019,SID8957,2023-01-19 00:00:00,808.14
0000000020,3,PID000020,SID7435,2023-01-20 00:00:00,750.78
0000000021,2,PID000021,SID6121,2023-01-21 00:00:00,192.68
0000000022,1,PID000022,SID5022,2023-01-22 00:00:00,217.26
0000000023,2,PID000023,SID7410,2023-01-23 00:00:00,376.77
0000000024,4,PID000024,SID5043,2023-01-24 00:00:00,489.68
0000000025,4,PID000025,SID5291,2023-01-25 00:00:00,622.07
0000000026,2,PID000026,SID9903,2023-01-26 00:00:00,375.22
0000000027,2,PID000027,SID8168,2023-01-27 00:00:00,467.91
0000000028,2,PID000028,SID4798,2023-01-28 00:00:00,750.0
0000000029,4,PID000029,SID6259,2023-01-29 00:00:00,46.32
0000000030,4,PID000030,SID5732,2023-01-30 00:00:00,259.91
0000000031,1,PID000031,SID7719,2023-01-31 00:00:00,716.22
0000000032,1,PID000032,SID3531,2023-02-01 00:00:00,896.25
0000000033,4,PID000033,SID1328,2023-02-02 00:00:00,516.56
0000000034,2,PID000034,SID7009,2023-02-03 00:00:00,536.79
0000000035,2,PID000035,SID9758,2023-02-04 00:00:00,116.1
0000000036,1,PID000036,SID5058,2023-02-05 00:00:00,452.94
0000000037,4,PID000037,SID8593,2023-02-06 00:00:00,537.29
0000000038,1,PID000038,SID5055,2023-02-07 00:00:00,250.05
0000000039,1,PID000039,SID1497,2023-02-08 00:00:00,276.55
0000000040,3,PID000040,SID5137,2023-02-09 00:00:00,383.51
0000000041,3,PID000041,SID3779,2023-02-10 00:00:00,29.87
0000000042,3,PID000042,SID2008,2023-02-11 00:00:00,328.86
0000000043,2,PID000043,SID1969,2023-02-12 00:00:00,219.33
0000000044,4,PID000044,SID6981,2023-02-13 00:00:00,334.22
0000000045,4,PID000045,SID8928,2023-02-14 00:00:00,128.56
0000000046,4,PID000046,SID5577,2023-02-15 00:00:00,891.62
0000000047,4,PID000047,SID9129,2023-02-16 00:00:00,597.66
0000000048,3,PID000048,SID7911,2023-02-17 00:00:00,682.31
0000000049,2,PID000049,SID6264,2023-02-18 00:00:00,791.28
0000000050,2,PID000050,SID4727,2023-02-19 00:00:00,503.46
0000000051,3,PID000051,SID3448,2023-02-20 00:00:00,96.05
0000000052,2,PID000052,SID8659,2023-02-21 00:00:00,541.74
0000000053,3,PID000053,SID5719,2023-02-22 00:00:00,590.97
0000000054,4,PID000054,SID8574,2023-02-23 00:00:00,747.99
0000000055,3,PID000055,SID6789,2023-02-24 00:00:00,437.34
0000000056,4,PID000056,SID8243,2023-02-25 00:00:00,136.3
0000000057,4,PID000057,SID5306,2023-02-26 00:00:00,290.94
0000000058,1,PID000058,SID4331,2023-02-27 00:00:00,369.45
0000000059,3,PID000059,SID5869,2023-02-28 00:00:00,649.46
0000000060,1,PID000060,SID7502,2023-03-01 00:00:00,575.07
0000000061,3,PID000061,SID3886,2023-03-02 00:00:00,362.54
0000000062,3,PID000062,SID8543,2023-03-03 00:00:00,986.65
0000000063,1,PID000063,SID7653,2023-03-04 00:00:00,609.72
0000000064,1,PID000064,SID7007,2023-03-05 00:00:00,244.85
0000000065,3,PID000065,SID2153,2023-03-06 00:00:00,110.76
0000000066,2,PID000066,SID5260,2023-03-07 00:00:00,161.33
0000000067,4,PID000067,SID3796,2023-03-08 00:00:00,253.5
0000000068,1,PID000068,SID2711,2023-03-09 00:00:00,169.07
0000000069,4,PID000069,SID9214,2023-03-10 00:00:00,194.7
0000000070,2,PID000070,SID7896,2023-03-11 00:00:00,292.24
0000000071,2,PID000071,SID9623,2023-03-12 00:00:00,181.64
0000000072,2,PID000072,SID9410,2023-03-13 00:00:00,897.8
0000000073,1,PID000073,SID4414,2023-03-14 00:00:00,89.43
0000000074,2,PID000074,SID4972,2023-03-15 00:00:00,529.27
0000000075,1,PID000075,SID5060,2023-03-16 00:00:00,416.29
0000000076,2,PID000076,SID5977,2023-03-17 00:00:00,982.55
0000000077,4,PID000077,SID9633,2023-03-18 00:00:00,120.92
0000000078,4,PID000078,SID2726,2023-03-19 00:00:00,403.88
0000000079,3,PID000079,SID1366,2023-03-20 00:00:00,969.78
0000000080,4,PID000080,SID5530,2023-03-21 00:00:00,866.85
0000000081,3,PID000081,SID9196,2023-03-22 00:00:00,818.9
0000000082,4,PID000082,SID7730,2023-03-23 00:00:00,265.32
0000000083,1,PID000083,SID7887,2023-03-24 00:00:00,179.18
0000000084,4,PID000084,SID5640,2023-03-25 00:00:00,671.96
0000000085,3,PID000085,SID5189,2023-03-26 00:00:00,930.08
0000000086,3,PID000086,SID1451,2023-03-27 00:00:00,561.2
0000000087,2,PID000087,SID3202,2023-03-28 00:00:00,575.9
0000000088,1,PID000088,SID3341,2023-03-29 00:00:00,287.18
0000000089,4,PID000089,SID1981,2023-03-30 00:00:00,771.8
0000000090,2,PID000090,SID7452,2023-03-31 00:00:00,195.17
0000000091,4,PID000091,SID6207,2023-04-01 00:00:00,330.44
0000000092,4,PID000092,SID2035,2023-04-02 00:00:00,431.18
0000000093,2,PID000093,SID3250,2023-04-03 00:00:00,512.53
0000000094,2,PID000094,SID3742,2023-04-04 00:00:00,249.99
0000000095,2,PID000095,SID9670,2023-04-05 00:00:00,123.69
0000000096,2,PID000096,SID8848,2023-04-06 00:00:00,614.51
0000000097,2,PID000097,SID1809,2023-04-07 00:00:00,295.74
0000000098,4,PID000098,SID6398,2023-04-08 00:00:00,585.43
0000000099,2,PID000099,SID3425,2023-04-09 00:00:00,162.82
0000000100,1,PID000100,SID8534,2023-04-10 00:00:00,486.33
0000000101,3,PID000101,SID7342,2023-04-11 00:00:00,537.26
0000000102,2,PID000102,SID7150,2023-04-12 00:00:00,61.31
0000000103,2,PID000103,SID2371,2023-04-13 00:00:00,343.24
0000000104,4,PID000104,SID1206,2023-04-14 00:00:00,143.07
0000000105,2,PID000105,SID6784,2023-04-15 00:00:00,72.74
0000000106,2,PID000106,SID8284,2023-04-16 00:00:00,990.06
0000000107,2,PID000107,SID1351,2023-04-17 00:00:00,329.13
0000000108,4,PID000108,SID7232,2023-04-18 00:00:00,811.78
0000000109,2,PID000109,SID8162,2023-04-19 00:00:00,262.09
0000000110,3,PID000110,SID6363,2023-04-20 00:00:00,684.69
0000000111,4,PID000111,SID3908,2023-04-21 00:00:00,762.63
0000000112,3,PID000112,SID4982,2023-04-22 00:00:00,599.68
0000000113,4,PID000113,SID8716,2023-04-23 00:00:00,476.86
0000000114,2,PID000114,SID7940,2023-04-24 00:00:00,417.72
0000000115,3,PID000115,SID4193,2023-04-25 00:00:00,355.38
0000000116,4,PID000116,SID5369,2023-04-26 00:00:00,930.23
0000000117,1,PID000117,SID1659,2023-04-27 00:00:00,832.31
0000000118,2,PID000118,SID7552,2023-04-28 00:00:00,965.38
0000000119,4,PID000119,SID2063,2023-04-29 00:00:00,133.05
0000000120,1,PID000120,SID6585,2023-04-30 00:00:00,733.56
0000000121,4,PID000121,SID7849,2023-05-01 00:00:00,938.96
0000000122,1,PID000122,SID2375,2023-05-02 00:00:00,189.42
0000000123,2,PID000123,SID4389,2023-05-03 00:00:00,75.83
0000000124,3,PID000124,SID8259,2023-05-04 00:00:00,743.71
0000000125,1,PID000125,SID6887,2023-05-05 00:00:00,578.73
0000000126,4,PID000126,SID4130,2023-05-06 00:00:00,843.41
0000000127,2,PID000127,SID4660,2023-05-07 00:00:00,148.37
0000000128,1,PID000128,SID5748,2023-05-08 00:00:00,797.31
0000000129,4,PID000129,SID8127,2023-05-09 00:00:00,209.61
0000000130,4,PID000130,SID4132,2023-05-10 00:00:00,172.02
0000000131,4,PID000131,SID7784,2023-05-11 00:00:00,172.62
0000000132,1,PID000132,SID7232,2023-05-12 00:00:00,816.43
0000000133,1,PID000133,SID6733,2023-05-13 00:00:00,668.55
0000000134,1,PID000134,SID6710,2023-05-14 00:00:00,527.83
0000000135,3,PID000135,SID5514,2023-05-15 00:00:00,365.24
0000000136,1,PID000136,SID4780,2023-05-16 00:00:00,878.43
0000000137,1,PID000137,SID3756,2023-05-17 00:00:00,398.52
0000000138,1,PID000138,SID4817,2023-05-18 00:00:00,818.43
0000000139,3,PID000139,SID8393,2023-05-19 00:00:00,444.74
0000000140,1,PID000140,SID4383,2023-05-20 00:00:00,383.17
0000000141,4,PID000141,SID9181,2023-05-21 00:00:00,468.05
0000000142,1,PID000142,SID6705,2023-05-22 00:00:00,308.36
0000000143,4,PID000143,SID4834,2023-05-23 00:00:00,750.13
0000000144,4,PID000144,SID5170,2023-05-24 00:00:00,507.69
0000000145,4,PID000145,SID6870,2023-05-25 00:00:00,239.89
0000000146,3,PID000146,SID9115,2023-05-26 00:00:00,900.58
0000000147,3,PID000147,SID2589,2023-05-27 00:00:00,390.05
0000000148,3,PID000148,SID7966,2023-05-28 00:00:00,548.12
0000000149,1,PID000149,SID2051,2023-05-29 00:00:00,907.41
0000000150,4,PID000150,SID1273,2023-05-30 00:00:00,628.0
0000000151,3,PID000151,SID2902,2023-05-31 00:00:00,125.73
0000000152,3,PID000152,SID2392,2023-06-01 00:00:00,940.43
0000000153,1,PID000153,SID3962,2023-06-02 00:00:00,631.43
0000000154,3,PID000154,SID9811,2023-06-03 00:00:00,341.56
0000000155,1,PID000155,SID1068,2023-06-04 00:00:00,147.88
0000000156,2,PID000156,SID4655,2023-06-05 00:00:00,796.08
0000000157,3,PID000157,SID6817,2023-06-06 00:00:00,623.87
0000000158,2,PID000158,SID3976,2023-06-07 00:00:00,538.13
0000000159,1,PID000159,SID7745,2023-06-08 00:00:00,894.95
0000000160,4,PID000160,SID1442,2023-06-09 00:00:00,790.71
0000000161,3,PID000161,SID3244,2023-06-10 00:00:00,160.16
0000000162,1,PID000162,SID9932,2023-06-11 00:00:00,318.6
0000000163,4,PID000163,SID8699,2023-06-12 00:00:00,256.0
0000000164,4,PID000164,SID8227,2023-06-13 00:00:00,746.51
0000000165,2,PID000165,SID5280,2023-06-14 00:00:00,43.2
0000000166,1,PID000166,SID3835,2023-06-15 00:00:00,574.19
0000000167,4,PID000167,SID6987,2023-06-16 00:00:00,764.83
0000000168,3,PID000168,SID7182,2023-06-17 00:00:00,878.0
0000000169,3,PID000169,SID9044,2023-06-18 00:00:00,348.66
0000000170,2,PID000170,SID5747,2023-06-19 00:00:00,823.04
0000000171,4,PID000171,SID2504,2023-06-20 00:00:00,119.53
0000000172,1,PID000172,SID1649,2023-06-21 00:00:00,847.99
0000000173,3,PID000173,SID6130,2023-06-22 00:00:00,136.21
0000000174,4,PID000174,SID6075,2023-06-23 00:00:00,403.31
0000000175,4,PID000175,SID3871,2023-06-24 00:00:00,799.32
0000000176,2,PID000176,SID4816,2023-06-25 00:00:00,158.42
0000000177,3,PID000177,SID9136,2023-06-26 00:00:00,236.96
0000000178,3,PID000178,SID4387,2023-06-27 00:00:00,725.03
0000000179,1,PID000179,SID1673,2023-06-28 00:00:00,722.84
0000000180,3,PID000180,SID4887,2023-06-29 00:00:00,644.74
0000000181,1,PID000181,SID4780,2023-06-30 00:00:00,697.01
0000000182,3,PID000182,SID2041,2023-07-01 00:00:00,547.3
0000000183,2,PID000183,SID2197,2023-07-02 00:00:00,259.28
0000000184,3,PID000184,SID6927,2023-07-03 00:00:00,352.24
0000000185,1,PID000185,SID6577,2023-07-04 00:00:00,189.78
0000000186,1,PID000186,SID4502,2023-07-05 00:00:00,909.37
0000000187,2,PID000187,SID5653,2023-07-06 00:00:00,587.56
0000000188,3,PID000188,SID6686,2023-07-07 00:00:00,406.84
0000000189,3,PID000189,SID8278,2023-07-08 00:00:00,467.39
0000000190,2,PID000190,SID4572,2023-07-09 00:00:00,947.81
0000000191,3,PID000191,SID5650,2023-07-10 00:00:00,161.82
0000000192,3,PID000192,SID6015,2023-07-11 00:00:00,590.37
0000000193,1,PID000193,SID3449,2023-07-12 00:00:00,510.83
0000000194,3,PID000194,SID2153,2023-07-13 00:00:00,615.34
0000000195,3,PID000195,SID4005,2023-07-14 00:00:00,27.93
0000000196,2,PID000196,SID4255,2023-07-15 00:00:00,873.4
0000000197,2,PID000197,SID3823,2023-07-16 00:00:00,932.8
0000000198,4,PID000198,SID5819,2023-07-17 00:00:00,569.48
0000000199,1,PID000199,SID7912,2023-07-18 00:00:00,699.68
0000000200,3,PID000200,SID6147,2023-07-19 00:00:00,923.27
0000000201,3,PID000201,SID8958,2023-07-20 00:00:00,710.17
0000000202,4,PID000202,SID2351,2023-07-21 00:00:00,161.01
0000000203,3,PID000203,SID6422,2023-07-22 00:00:00,580.53
0000000204,1,PID000204,SID6539,2023-07-23 00:00:00,610.65
0000000205,4,PID000205,SID2014,2023-07-24 00:00:00,429.89
0000000206,1,PID000206,SID2674,2023-07-25 00:00:00,739.08
0000000207,4,PID000207,SID6460,2023-07-26 00:00:00,935.02
0000000208,4,PID000208,SID8789,2023-07-27 00:00:00,926.31
0000000209,2,PID000209,SID5408,2023-07-28 00:00:00,456.33
0000000210,1,PID000210,SID4537,2023-07-29 00:00:00,122.11
0000000211,3,PID000211,SID6322,2023-07-30 00:00:00,984.99
0000000212,3,PID000212,SID1088,2023-07-31 00:00:00,840.51
0000000213,1,PID000213,SID4577,2023-08-01 00:00:00,133.42
0000000214,3,PID000214,SID7208,2023-08-02 00:00:00,921.63
0000000215,3,PID000215,SID7568,2023-08-03 00:00:00,871.2
0000000216,1,PID000216,SID1328,2023-08-04 00:00:00,523.65
0000000217,4,PID000217,SID8473,2023-08-05 00:00:00,595.36
0000000218,1,PID000218,SID5971,2023-08-06 00:00:00,405.01
0000000219,4,PID000219,SID4270,2023-08-07 00:00:00,64.21
0000000220,3,PID000220,SID7126,2023-08-08 00:00:00,341.85
0000000221,3,PID000221,SID3555,2023-08-09 00:00:00,804.82
0000000222,3,PID000222,SID1835,2023-08-10 00:00:00,14.59
0000000223,2,PID000223,SID7715,2023-08-11 00:00:00,340.16
0000000224,4,PID000224,SID9962,2023-08-12 00:00:00,404.19
0000000225,2,PID000225,SID3033,2023-08-13 00:00:00,542.02
0000000226,2,PID000226,SID2532,2023-08-14 00:00:00,920.66
0000000227,1,PID000227,SID3954,2023-08-15 00:00:00,352.88
0000000228,2,PID000228,SID3182,2023-08-16 00:00:00,353.48
0000000229,1,PID000229,SID2104,2023-08-17 00:00:00,740.13
0000000230,1,PID000230,SID7464,2023-08-18 00:00:00,457.7
0000000231,2,PID000231,SID7309,2023-08-19 00:00:00,232.36
0000000232,4,PID000232,SID4026,2023-08-20 00:00:00,457.92
0000000233,4,PID000233,SID2941,2023-08-21 00:00:00,149.45
0000000234,4,PID000234,SID6860,2023-08-22 00:00:00,184.62
0000000235,4,PID000235,SID3255,2023-08-23 00:00:00,503.38
0000000236,4,PID000236,SID1589,2023-08-24 00:00:00,424.74
0000000237,2,PID000237,SID8248,2023-08-25 00:00:00,915.7
0000000238,2,PID000238,SID3029,2023-08-26 00:00:00,368.77
0000000239,3,PID000239,SID9488,2023-08-27 00:00:00,584.78
0000000240,4,PID000240,SID2839,2023-08-28 00:00:00,635.94
0000000241,2,PID000241,SID9827,2023-08-29 00:00:00,22.96
0000000242,3,PID000242,SID6001,2023-08-30 00:00:00,666.9
0000000243,4,PID000243,SID5187,2023-08-31 00:00:00,186.26
0000000244,1,PID000244,SID5047,2023-09-01 00:00:00,961.46
0000000245,3,PID000245,SID7231,2023-09-02 00:00:00,157.18
0000000246,2,PID000246,SID6545,2023-09-03 00:00:00,420.48
0000000247,1,PID000247,SID2300,2023-09-04 00:00:00,94.5
0000000248,1,PID000248,SID5695,2023-09-05 00:00:00,996.91
0000000249,1,PID000249,SID9995,2023-09-06 00:00:00,507.17
0000000250,3,PID000250,SID7578,2023-09-07 00:00:00,599.43
0000000251,2,PID000251,SID9771,2023-09-08 00:00:00,76.41
0000000252,1,PID000252,SID4666,2023-09-09 00:00:00,752.46
0000000253,4,PID000253,SID2101,2023-09-10 00:00:00,217.81
0000000254,1,PID000254,SID2746,2023-09-11 00:00:00,899.07
0000000255,1,PID000255,SID1063,2023-09-12 00:00:00,213.09
0000000256,3,PID000256,SID1708,2023-09-13 00:00:00,198.78
0000000257,3,PID000257,SID1546,2023-09-14 00:00:00,46.18
0000000258,2,PID000258,SID4258,2023-09-15 00:00:00,477.35
0000000259,4,PID000259,SID9961,2023-09-16 00:00:00,569.19
0000000260,3,PID000260,SID9407,2023-09-17 00:00:00,75.05
0000000261,1,PID000261,SID5717,2023-09-18 00:00:00,777.77
0000000262,2,PID000262,SID7227,2023-09-19 00:00:00,458.76
0000000263,1,PID000263,SID3053,2023-09-20 00:00:00,529.15
0000000264,1,PID000264,SID8178,2023-09-21 00:00:00,446.36
0000000265,3,PID000265,SID8040,2023-09-22 00:00:00,406.76
0000000266,2,PID000266,SID1475,2023-09-23 00:00:00,564.04
0000000267,4,PID000267,SID6004,2023-09-24 00:00:00,163.69
0000000268,4,PID000268,SID5498,2023-09-25 00:00:00,190.11
0000000269,3,PID000269,SID6311,2023-09-26 00:00:00,863.17
0000000270,3,PID000270,SID1311,2023-09-27 00:00:00,946.65
0000000271,2,PID000271,SID5731,2023-09-28 00:00:00,379.58
0000000272,4,PID000272,SID6825,2023-09-29 00:00:00,278.04
0000000273,4,PID000273,SID5771,2023-09-30 00:00:00,647.56
0000000274,4,PID000274,SID6935,2023-10-01 00:00:00,414.65
0000000275,1,PID000275,SID2767,2023-10-02 00:00:00,35.13
0000000276,4,PID000276,SID7861,2023-10-03 00:00:00,164.59
0000000277,1,PID000277,SID8754,2023-10-04 00:00:00,718.81
0000000278,2,PID000278,SID6337,2023-10-05 00:00:00,662.33
0000000279,1,PID000279,SID8199,2023-10-06 00:00:00,36.83
0000000280,2,PID000280,SID9588,2023-10-07 00:00:00,229.75
0000000281,4,PID000281,SID3249,2023-10-08 00:00:00,238.76
0000000282,4,PID000282,SID1347,2023-10-09 00:00:00,675.17
0000000283,2,PID000283,SID4431,2023-10-10 00:00:00,29.51
0000000284,3,PID000284,SID8512,2023-10-11 00:00:00,113.07
0000000285,2,PID000285,SID5931,2023-10-12 00:00:00,801.92
0000000286,3,PID000286,SID4699,2023-10-13 00:00:00,186.76
0000000287,1,PID000287,SID4892,2023-10-14 00:00:00,656.22
0000000288,1,PID000288,SID8613,2023-10-15 00:00:00,245.8
0000000289,1,PID000289,SID8136,2023-10-16 00:00:00,108.45
0000000290,4,PID000290,SID6013,2023-10-17 00:00:00,250.74
0000000291,1,PID000291,SID8271,2023-10-18 00:00:00,725.04
0000000292,3,PID000292,SID6636,2023-10-19 00:00:00,857.14
0000000293,1,PID000293,SID6298,2023-10-20 00:00:00,831.92
0000000294,2,PID000294,SID2683,2023-10-21 00:00:00,403.21
0000000295,2,PID000295,SID9109,2023-10-22 00:00:00,671.4
0000000296,4,PID000296,SID5140,2023-10-23 00:00:00,212.93
0000000297,2,PID000297,SID8421,2023-10-24 00:00:00,300.22
0000000298,3,PID000298,SID6396,2023-10-25 00:00:00,897.37
0000000299,1,PID000299,SID2851,2023-10-26 00:00:00,22.87
0000000300,4,PID000300,SID8609,2023-10-27 00:00:00,94.65
0000000301,1,PID000301,SID7893,2023-10-28 00:00:00,215.81
0000000302,1,PID000302,SID8923,2023-10-29 00:00:00,36.27
0000000303,3,PID000303,SID8602,2023-10-30 00:00:00,189.62
0000000304,2,PID000304,SID8316,2023-10-31 00:00:00,587.21
0000000305,2,PID000305,SID7661,2023-11-01 00:00:00,427.21
0000000306,1,PID000306,SID4307,2023-11-02 00:00:00,893.74
0000000307,4,PID000307,SID4156,2023-11-03 00:00:00,819.27
0000000308,2,PID000308,SID7086,2023-11-04 00:00:00,348.4
0000000309,4,PID000309,SID5789,2023-11-05 00:00:00,266.83
0000000310,2,PID000310,SID9289,2023-11-06 00:00:00,385.9
0000000311,4,PID000311,SID9563,2023-11-07 00:00:00,594.39
0000000312,3,PID000312,SID7939,2023-11-08 00:00:00,275.38
0000000313,4,PID000313,SID6866,2023-11-09 00:00:00,627.91
0000000314,3,PID000314,SID1583,2023-11-10 00:00:00,415.32
0000000315,3,PID000315,SID4686,2023-11-11 00:00:00,556.53
0000000316,4,PID000316,SID2853,2023-11-12 00:00:00,441.77
0000000317,3,PID000317,SID9302,2023-11-13 00:00:00,301.52
0000000318,1,PID000318,SID2488,2023-11-14 00:00:00,948.97
0000000319,3,PID000319,SID4459,2023-11-15 00:00:00,765.97
0000000320,2,PID000320,SID6450,2023-11-16 00:00:00,148.71
0000000321,4,PID000321,SID7221,2023-11-17 00:00:00,869.78
0000000322,1,PID000322,SID7551,2023-11-18 00:00:00,492.56
0000000323,4,PID000323,SID7786,2023-11-19 00:00:00,895.61
0000000324,2,PID000324,SID1930,2023-11-20 00:00:00,801.86
0000000325,2,PID000325,SID5704,2023-11-21 00:00:00,430.96
0000000326,2,PID000326,SID9372,2023-11-22 00:00:00,32.24
0000000327,3,PID000327,SID4064,2023-11-23 00:00:00,275.99
0000000328,3,PID000328,SID6846,2023-11-24 00:00:00,546.22
0000000329,4,PID000329,SID3111,2023-11-25 00:00:00,637.14
0000000330,4,PID000330,SID2490,2023-11-26 00:00:00,265.31
0000000331,1,PID000331,SID6009,2023-11-27 00:00:00,147.96
0000000332,1,PID000332,SID2826,2023-11-28 00:00:00,836.58
0000000333,4,PID000333,SID5086,2023-11-29 00:00:00,984.56
0000000334,3,PID000334,SID8208,2023-11-30 00:00:00,530.43
0000000335,2,PID000335,SID6709,2023-12-01 00:00:00,179.96
0000000336,4,PID000336,SID1408,2023-12-02 00:00:00,279.58
0000000337,1,PID000337,SID7613,2023-12-03 00:00:00,28.21
0000000338,3,PID000338,SID8484,2023-12-04 00:00:00,915.16
0000000339,4,PID000339,SID2622,2023-12-05 00:00:00,126.57
0000000340,4,PID000340,SID3653,2023-12-06 00:00:00,580.75
0000000341,3,PID000341,SID7673,2023-12-07 00:00:00,281.31
0000000342,4,PID000342,SID4740,2023-12-08 00:00:00,558.64
0000000343,3,PID000343,SID2754,2023-12-09 00:00:00,654.91
0000000344,2,PID000344,SID6772,2023-12-10 00:00:00,831.44
0000000345,3,PID000345,SID1510,2023-12-11 00:00:00,214.36
0000000346,3,PID000346,SID5916,2023-12-12 00:00:00,20.89
0000000347,3,PID000347,SID1224,2023-12-13 00:00:00,145.52
0000000348,4,PID000348,SID6648,2023-12-14 00:00:00,901.02
0000000349,4,PID000349,SID6874,2023-12-15 00:00:00,875.15
0000000350,3,PID000350,SID3560,2023-12-16 00:00:00,601.44
0000000351,4,PID000351,SID6065,2023-12-17 00:00:00,604.51
0000000352,1,PID000352,SID6736,2023-12-18 00:00:00,668.39
0000000353,1,PID000353,SID3914,2023-12-19 00:00:00,183.62
0000000354,4,PID000354,SID2566,2023-12-20 00:00:00,915.27
0000000355,4,PID000355,SID3991,2023-12-21 00:00:00,424.58
0000000356,3,PID000356,SID8094,2023-12-22 00:00:00,389.31
0000000357,2,PID000357,SID2198,2023-12-23 00:00:00,523.73
0000000358,4,PID000358,SID7318,2023-12-24 00:00:00,56.5
0000000359,1,PID000359,SID1429,2023-12-25 00:00:00,174.62
0000000360,3,PID000360,SID7237,2023-12-26 00:00:00,740.65
0000000361,4,PID000361,SID7455,2023-12-27 00:00:00,91.97
0000000362,1,PID000362,SID9394,2023-12-28 00:00:00,607.12
0000000363,1,PID000363,SID4296,2023-12-29 00:00:00,252.9
0000000364,2,PID000364,SID6943,2023-12-30 00:00:00,395.4
0000000365,3,PID000365,SID4160,2023-12-31 00:00:00,295.81
0000000366,3,PID000366,SID6729,2024-01-01 00:00:00,362.12
0000000367,2,PID000367,SID4030,2024-01-02 00:00:00,721.86
0000000368,2,PID000368,SID7363,2024-01-03 00:00:00,304.15
0000000369,3,PID000369,SID8454,2024-01-04 00:00:00,570.74
0000000370,3,PID000370,SID4017,2024-01-05 00:00:00,481.29
0000000371,4,PID000371,SID9942,2024-01-06 00:00:00,667.03
0000000372,4,PID000372,SID7199,2024-01-07 00:00:00,937.46
0000000373,2,PID000373,SID9097,2024-01-08 00:00:00,735.25
0000000374,4,PID000374,SID8896,2024-01-09 00:00:00,222.79
0000000375,1,PID000375,SID9178,2024-01-10 00:00:00,40.87
0000000376,4,PID000376,SID3172,2024-01-11 00:00:00,269.64
0000000377,4,PID000377,SID4635,2024-01-12 00:00:00,599.13
0000000378,1,PID000378,SID9730,2024-01-13 00:00:00,60.91
0000000379,2,PID000379,SID4877,2024-01-14 00:00:00,501.4
0000000380,1,PID000380,SID8947,2024-01-15 00:00:00,600.87
0000000381,4,PID000381,SID7442,2024-01-16 00:00:00,340.9
0000000382,2,PID000382,SID1809,2024-01-17 00:00:00,773.2
0000000383,4,PID000383,SID5845,2024-01-18 00:00:00,115.53
0000000384,1,PID000384,SID9910,2024-01-19 00:00:00,84.39
0000000385,1,PID000385,SID2408,2024-01-20 00:00:00,730.91
0000000386,4,PID000386,SID5930,2024-01-21 00:00:00,500.54
0000000387,3,PID000387,SID6778,2024-01-22 00:00:00,691.52
0000000388,3,PID000388,SID9275,2024-01-23 00:00:00,440.48
0000000389,1,PID000389,SID5323,2024-01-24 00:00:00,253.94
0000000390,1,PID000390,SID6022,2024-01-25 00:00:00,820.91
0000000391,3,PID000391,SID8184,2024-01-26 00:00:00,801.42
0000000392,3,PID000392,SID3654,2024-01-27 00:00:00,697.75
0000000393,4,PID000393,SID7783,2024-01-28 00:00:00,279.42
0000000394,4,PID000394,SID3377,2024-01-29 00:00:00,594.33
0000000395,3,PID000395,SID3350,2024-01-30 00:00:00,367.36
0000000396,4,PID000396,SID1696,2024-01-31 00:00:00,100.67
0000000397,4,PID000397,SID1221,2024-02-01 00:00:00,918.14
0000000398,2,PID000398,SID7446,2024-02-02 00:00:00,145.45
0000000399,4,PID000399,SID1011,2024-02-03 00:00:00,950.73
0000000400,1,PID000400,SID5413,2024-02-04 00:00:00,451.55
0000000401,4,PID000401,SID2074,2024-02-05 00:00:00,193.28
0000000402,4,PID000402,SID3570,2024-02-06 00:00:00,546.48
0000000403,3,PID000403,SID3550,2024-02-07 00:00:00,874.22
0000000404,1,PID000404,SID4523,2024-02-08 00:00:00,734.9
0000000405,4,PID000405,SID7857,2024-02-09 00:00:00,808.5
0000000406,4,PID000406,SID4461,2024-02-10 00:00:00,662.2
0000000407,2,PID000407,SID6086,2024-02-11 00:00:00,695.35
0000000408,4,PID000408,SID4587,2024-02-12 00:00:00,850.7
0000000409,4,PID000409,SID9167,2024-02-13 00:00:00,257.17
0000000410,2,PID000410,SID3116,2024-02-14 00:00:00,494.53
0000000411,3,PID000411,SID8416,2024-02-15 00:00:00,229.0
0000000412,4,PID000412,SID8059,2024-02-16 00:00:00,987.79
0000000413,2,PID000413,SID1750,2024-02-17 00:00:00,944.62
0000000414,1,PID000414,SID7085,2024-02-18 00:00:00,49.03
0000000415,3,PID000415,SID5318,2024-02-19 00:00:00,708.52
0000000416,1,PID000416,SID6026,2024-02-20 00:00:00,926.0
0000000417,1,PID000417,SID4207,2024-02-21 00:00:00,188.77
0000000418,2,PID000418,SID8099,2024-02-22 00:00:00,572.27
0000000419,4,PID000419,SID1973,2024-02-23 00:00:00,916.33
0000000420,2,PID000420,SID5116,2024-02-24 00:00:00,43.61
0000000421,2,PID000421,SID7160,2024-02-25 00:00:00,700.45
0000000422,2,PID000422,SID7048,2024-02-26 00:00:00,304.38
0000000423,2,PID000423,SID3525,2024-02-27 00:00:00,925.15
0000000424,3,PID000424,SID5357,2024-02-28 00:00:00,971.35
0000000425,4,PID000425,SID6778,2024-02-29 00:00:00,944.82
0000000426,1,PID000426,SID7279,2024-03-01 00:00:00,479.47
0000000427,1,PID000427,SID4311,2024-03-02 00:00:00,863.42
0000000428,4,PID000428,SID8052,2024-03-03 00:00:00,846.1
0000000429,1,PID000429,SID9720,2024-03-04 00:00:00,325.91
0000000430,4,PID000430,SID2067,2024-03-05 00:00:00,830.63
0000000431,1,PID000431,SID9897,2024-03-06 00:00:00,46.64
0000000432,2,PID000432,SID9084,2024-03-07 00:00:00,600.31
0000000433,1,PID000433,SID2928,2024-03-08 00:00:00,237.71
0000000434,4,PID000434,SID1241,2024-03-09 00:00:00,129.36
0000000435,4,PID000435,SID6452,2024-03-10 00:00:00,86.18
0000000436,4,PID000436,SID2026,2024-03-11 00:00:00,699.33
0000000437,4,PID000437,SID2992,2024-03-12 00:00:00,346.48
0000000438,4,PID000438,SID2419,2024-03-13 00:00:00,727.52
0000000439,3,PID000439,SID6066,2024-03-14 00:00:00,74.7
0000000440,3,PID000440,SID9922,2024-03-15 00:00:00,322.14
0000000441,1,PID000441,SID8381,2024-03-16 00:00:00,544.1
0000000442,4,PID000442,SID9815,2024-03-17 00:00:00,792.82
0000000443,1,PID000443,SID1133,2024-03-18 00:00:00,325.56
0000000444,4,PID000444,SID2646,2024-03-19 00:00:00,629.63
0000000445,4,PID000445,SID7602,2024-03-20 00:00:00,887.12
0000000446,3,PID000446,SID2469,2024-03-21 00:00:00,619.7
0000000447,3,PID000447,SID3647,2024-03-22 00:00:00,240.63
0000000448,2,PID000448,SID9287,2024-03-23 00:00:00,34.16
0000000449,3,PID000449,SID5906,2024-03-24 00:00:00,871.4
0000000450,2,PID000450,SID5676,2024-03-25 00:00:00,31.06
0000000451,2,PID000451,SID6978,2024-03-26 00:00:00,875.95
0000000452,2,PID000452,SID3779,2024-03-27 00:00:00,533.65
0000000453,2,PID000453,SID2105,2024-03-28 00:00:00,939.68
0000000454,2,PID000454,SID3731,2024-03-29 00:00:00,800.8
0000000455,1,PID000455,SID8139,2024-03-30 00:00:00,997.95
0000000456,3,PID000456,SID2395,2024-03-31 00:00:00,357.2
0000000457,2,PID000457,SID8514,2024-04-01 00:00:00,769.52
0000000458,4,PID000458,SID5032,2024-04-02 00:00:00,407.91
0000000459,3,PID000459,SID6991,2024-04-03 00:00:00,485.08
0000000460,3,PID000460,SID9401,2024-04-04 00:00:00,631.23
0000000461,2,PID000461,SID2109,2024-04-05 00:00:00,874.94
0000000462,1,PID000462,SID6979,2024-04-06 00:00:00,984.24
0000000463,2,PID000463,SID7819,2024-04-07 00:00:00,770.59
0000000464,1,PID000464,SID6709,2024-04-08 00:00:00,423.59
0000000465,4,PID000465,SID5294,2024-04-09 00:00:00,427.14
0000000466,3,PID000466,SID3872,2024-04-10 00:00:00,740.21
0000000467,4,PID000467,SID1032,2024-04-11 00:00:00,246.39
0000000468,1,PID000468,SID3003,2024-04-12 00:00:00,119.37
0000000469,1,PID000469,SID1016,2024-04-13 00:00:00,361.08
0000000470,4,PID000470,SID1155,2024-04-14 00:00:00,294.37
0000000471,1,PID000471,SID7632,2024-04-15 00:00:00,303.35
0000000472,4,PID000472,SID7898,2024-04-16 00:00:00,241.27
0000000473,3,PID000473,SID6001,2024-04-17 00:00:00,51.67
0000000474,4,PID000474,SID1275,2024-04-18 00:00:00,27.7
0000000475,3,PID000475,SID9840,2024-04-19 00:00:00,987.85
0000000476,4,PID000476,SID1503,2024-04-20 00:00:00,433.5
0000000477,1,PID000477,SID4767,2024-04-21 00:00:00,390.48
0000000478,4,PID000478,SID1939,2024-04-22 00:00:00,682.85
0000000479,1,PID000479,SID6626,2024-04-23 00:00:00,226.07
0000000480,4,PID000480,SID5851,2024-04-24 00:00:00,950.46
0000000481,4,PID000481,SID4173,2024-04-25 00:00:00,788.48
0000000482,2,PID000482,SID8102,2024-04-26 00:00:00,98.52
0000000483,1,PID000483,SID1506,2024-04-27 00:00:00,423.4
0000000484,2,PID000484,SID2468,2024-04-28 00:00:00,880.33
0000000485,1,PID000485,SID8496,2024-04-29 00:00:00,945.28
0000000486,2,PID000486,SID5822,2024-04-30 00:00:00,472.73
0000000487,3,PID000487,SID8776,2024-05-01 00:00:00,617.28
0000000488,4,PID000488,SID4649,2024-05-02 00:00:00,175.36
0000000489,1,PID000489,SID7066,2024-05-03 00:00:00,991.26
0000000490,1,PID000490,SID5911,2024-05-04 00:00:00,239.35
0000000491,4,PID000491,SID2724,2024-05-05 00:00:00,943.3
0000000492,1,PID000492,SID9168,2024-05-06 00:00:00,653.15
0000000493,1,PID000493,SID8992,2024-05-07 00:00:00,611.66
0000000494,2,PID000494,SID6569,2024-05-08 00:00:00,517.56
0000000495,1,PID000495,SID4510,2024-05-09 00:00:00,238.36
0000000496,3,PID000496,SID5004,2024-05-10 00:00:00,184.76
0000000497,3,PID000497,SID2556,2024-05-11 00:00:00,228.28
0000000498,4,PID000498,SID7011,2024-05-12 00:00:00,194.57
0000000499,1,PID000499,SID3850,2024-05-13 00:00:00,781.79
0000000500,4,PID000500,SID3985,2024-05-14 00:00:00,356.62
0000000501,3,PID000501,SID8876,2024-05-15 00:00:00,67.26
0000000502,1,PID000502,SID3069,2024-05-16 00:00:00,969.41
0000000503,1,PID000503,SID6346,2024-05-17 00:00:00,884.95
0000000504,4,PID000504,SID2772,2024-05-18 00:00:00,928.47
0000000505,3,PID000505,SID2521,2024-05-19 00:00:00,994.96
0000000506,1,PID000506,SID5665,2024-05-20 00:00:00,182.16
0000000507,4,PID000507,SID7215,2024-05-21 00:00:00,402.28
0000000508,3,PID000508,SID2625,2024-05-22 00:00:00,760.66
0000000509,4,PID000509,SID4149,2024-05-23 00:00:00,699.06
0000000510,2,PID000510,SID3605,2024-05-24 00:00:00,162.36
0000000511,1,PID000511,SID4201,2024-05-25 00:00:00,817.67
0000000512,2,PID000512,SID5993,2024-05-26 00:00:00,232.2
0000000513,3,PID000513,SID2183,2024-05-27 00:00:00,231.58
0000000514,2,PID000514,SID7739,2024-05-28 00:00:00,541.6
0000000515,2,PID000515,SID1781,2024-05-29 00:00:00,597.01
0000000516,3,PID000516,SID5125,2024-05-30 00:00:00,584.29
0000000517,4,PID000517,SID7241,2024-05-31 00:00:00,100.57
0000000518,2,PID000518,SID2301,2024-06-01 00:00:00,878.69
0000000519,4,PID000519,SID8281,2024-06-02 00:00:00,272.94
0000000520,2,PID000520,SID3908,2024-06-03 00:00:00,138.22
0000000521,4,PID000521,SID6038,2024-06-04 00:00:00,889.86
0000000522,3,PID000522,SID6035,2024-06-05 00:00:00,956.09
0000000523,2,PID000523,SID4875,2024-06-06 00:00:00,863.51
0000000524,3,PID000524,SID7226,2024-06-07 00:00:00,811.42
0000000525,2,PID000525,SID1363,2024-06-08 00:00:00,658.69
0000000526,3,PID000526,SID3595,2024-06-09 00:00:00,555.35
0000000527,3,PID000527,SID2018,2024-06-10 00:00:00,96.12
0000000528,2,PID000528,SID9617,2024-06-11 00:00:00,414.37
0000000529,2,PID000529,SID1957,2024-06-12 00:00:00,378.96
0000000530,2,PID000530,SID3001,2024-06-13 00:00:00,267.16
0000000531,1,PID000531,SID4477,2024-06-14 00:00:00,726.19
0000000532,4,PID000532,SID1591,2024-06-15 00:00:00,500.92
0000000533,1,PID000533,SID6222,2024-06-16 00:00:00,90.24
0000000534,1,PID000534,SID7878,2024-06-17 00:00:00,227.98
0000000535,3,PID000535,SID6320,2024-06-18 00:00:00,686.43
0000000536,2,PID000536,SID2731,2024-06-19 00:00:00,85.37
0000000537,4,PID000537,SID9000,2024-06-20 00:00:00,852.69
0000000538,3,PID000538,SID4954,2024-06-21 00:00:00,500.2
0000000539,1,PID000539,SID4939,2024-06-22 00:00:00,485.78
0000000540,2,PID000540,SID7782,2024-06-23 00:00:00,596.48
0000000541,3,PID000541,SID4518,2024-06-24 00:00:00,826.43
0000000542,2,PID000542,SID5984,2024-06-25 00:00:00,354.33
0000000543,3,PID000543,SID2157,2024-06-26 00:00:00,681.24
0000000544,2,PID000544,SID6425,2024-06-27 00:00:00,570.07
0000000545,1,PID000545,SID5225,2024-06-28 00:00:00,274.36
0000000546,4,PID000546,SID6045,2024-06-29 00:00:00,879.84
0000000547,1,PID000547,SID5873,2024-06-30 00:00:00,799.45
0000000548,4,PID000548,SID1186,2024-07-01 00:00:00,661.87
0000000549,2,PID000549,SID3030,2024-07-02 00:00:00,852.08
0000000550,3,PID000550,SID2863,2024-07-03 00:00:00,868.62
0000000551,1,PID000551,SID6259,2024-07-04 00:00:00,711.28
0000000552,4,PID000552,SID8972,2024-07-05 00:00:00,838.64
0000000553,1,PID000553,SID1240,2024-07-06 00:00:00,700.5
0000000554,4,PID000554,SID1078,2024-07-07 00:00:00,683.34
0000000555,1,PID000555,SID1281,2024-07-08 00:00:00,622.43
0000000556,4,PID000556,SID9640,2024-07-09 00:00:00,755.19
0000000557,4,PID000557,SID5478,2024-07-10 00:00:00,167.02
0000000558,2,PID000558,SID6345,2024-07-11 00:00:00,882.06
0000000559,4,PID000559,SID9342,2024-07-12 00:00:00,873.13
0000000560,2,PID000560,SID6901,2024-07-13 00:00:00,38.95
0000000561,4,PID000561,SID4563,2024-07-14 00:00:00,827.56
0000000562,3,PID000562,SID5035,2024-07-15 00:00:00,137.58
0000000563,3,PID000563,SID3856,2024-07-16 00:00:00,341.77
0000000564,3,PID000564,SID9574,2024-07-17 00:00:00,746.07
0000000565,4,PID000565,SID6521,2024-07-18 00:00:00,169.15
0000000566,2,PID000566,SID3449,2024-07-19 00:00:00,819.79
0000000567,2,PID000567,SID1734,2024-07-20 00:00:00,833.81
0000000568,4,PID000568,SID6669,2024-07-21 00:00:00,512.39
0000000569,3,PID000569,SID7308,2024-07-22 00:00:00,16.32
0000000570,3,PID000570,SID5803,2024-07-23 00:00:00,294.17
0000000571,2,PID000571,SID2437,2024-07-24 00:00:00,620.76
0000000572,3,PID000572,SID8309,2024-07-25 00:00:00,981.37
0000000573,1,PID000573,SID1107,2024-07-26 00:00:00,635.5
0000000574,2,PID000574,SID7983,2024-07-27 00:00:00,267.21
0000000575,3,PID000575,SID5889,2024-07-28 00:00:00,637.67
0000000576,2,PID000576,SID1573,2024-07-29 00:00:00,544.59
0000000577,1,PID000577,SID3743,2024-07-30 00:00:00,782.05
0000000578,2,PID000578,SID1813,2024-07-31 00:00:00,115.91
0000000579,2,PID000579,SID2285,2024-08-01 00:00:00,763.42
0000000580,2,PID000580,SID2379,2024-08-02 00:00:00,545.85
0000000581,2,PID000581,SID4235,2024-08-03 00:00:00,963.36
0000000582,1,PID000582,SID2019,2024-08-04 00:00:00,348.45
0000000583,4,PID000583,SID6047,2024-08-05 00:00:00,636.3
0000000584,2,PID000584,SID6838,2024-08-06 00:00:00,932.71
0000000585,2,PID000585,SID8910,2024-08-07 00:00:00,111.48
0000000586,3,PID000586,SID1872,2024-08-08 00:00:00,937.86
0000000587,2,PID000587,SID5962,2024-08-09 00:00:00,691.01
0000000588,3,PID000588,SID7613,2024-08-10 00:00:00,77.16
0000000589,4,PID000589,SID5192,2024-08-11 00:00:00,307.95
0000000590,1,PID000590,SID9993,2024-08-12 00:00:00,711.09
0000000591,1,PID000591,SID2847,2024-08-13 00:00:00,76.68
0000000592,4,PID000592,SID1310,2024-08-14 00:00:00,586.35
0000000593,1,PID000593,SID4224,2024-08-15 00:00:00,352.42
0000000594,4,PID000594,SID6210,2024-08-16 00:00:00,624.71
0000000595,4,PID000595,SID7741,2024-08-17 00:00:00,55.28
0000000596,4,PID000596,SID6645,2024-08-18 00:00:00,872.82
0000000597,1,PID000597,SID3336,2024-08-19 00:00:00,973.75
0000000598,3,PID000598,SID6635,2024-08-20 00:00:00,969.19
0000000599,4,PID000599,SID3874,2024-08-21 00:00:00,752.16
0000000600,2,PID000600,SID5460,2024-08-22 00:00:00,138.79
0000000601,1,PID000601,SID5596,2024-08-23 00:00:00,760.68
0000000602,4,PID000602,SID9901,2024-08-24 00:00:00,34.34
0000000603,4,PID000603,SID6322,2024-08-25 00:00:00,31.9
0000000604,2,PID000604,SID5591,2024-08-26 00:00:00,330.37
0000000605,3,PID000605,SID5559,2024-08-27 00:00:00,493.76
0000000606,3,PID000606,SID1700,2024-08-28 00:00:00,772.7
0000000607,3,PID000607,SID1841,2024-08-29 00:00:00,686.46
0000000608,4,PID000608,SID2903,2024-08-30 00:00:00,451.44
0000000609,4,PID000609,SID1338,2024-08-31 00:00:00,280.89
0000000610,4,PID000610,SID1308,2024-09-01 00:00:00,997.15
0000000611,1,PID000611,SID4624,2024-09-02 00:00:00,431.92
0000000612,2,PID000612,SID2869,2024-09-03 00:00:00,456.87
0000000613,4,PID000613,SID9418,2024-09-04 00:00:00,171.99
0000000614,2,PID000614,SID9245,2024-09-05 00:00:00,796.86
0000000615,2,PID000615,SID4336,2024-09-06 00:00:00,696.75
0000000616,3,PID000616,SID9348,2024-09-07 00:00:00,228.56
0000000617,1,PID000617,SID1035,2024-09-08 00:00:00,91.56
0000000618,4,PID000618,SID7461,2024-09-09 00:00:00,683.69
0000000619,3,PID000619,SID6303,2024-09-10 00:00:00,657.97
0000000620,3,PID000620,SID9424,2024-09-11 00:00:00,280.53
0000000621,4,PID000621,SID3709,2024-09-12 00:00:00,951.35
0000000622,2,PID000622,SID1822,2024-09-13 00:00:00,159.55
0000000623,3,PID000623,SID5304,2024-09-14 00:00:00,438.01
0000000624,2,PID000624,SID5742,2024-09-15 00:00:00,944.18
0000000625,1,PID000625,SID1553,2024-09-16 00:00:00,425.53
0000000626,2,PID000626,SID7615,2024-09-17 00:00:00,642.14
0000000627,1,PID000627,SID7095,2024-09-18 00:00:00,403.62
0000000628,2,PID000628,SID6248,2024-09-19 00:00:00,281.47
0000000629,3,PID000629,SID7684,2024-09-20 00:00:00,984.14
0000000630,3,PID000630,SID5572,2024-09-21 00:00:00,415.24
0000000631,1,PID000631,SID1112,2024-09-22 00:00:00,895.16
0000000632,4,PID000632,SID3862,2024-09-23 00:00:00,237.66
0000000633,1,PID000633,SID5590,2024-09-24 00:00:00,220.97
0000000634,1,PID000634,SID8572,2024-09-25 00:00:00,40.82
0000000635,2,PID000635,SID8962,2024-09-26 00:00:00,655.15
0000000636,2,PID000636,SID9100,2024-09-27 00:00:00,374.84
0000000637,1,PID000637,SID9186,2024-09-28 00:00:00,865.71
0000000638,3,PID000638,SID5574,2024-09-29 00:00:00,478.48
0000000639,2,PID000639,SID4785,2024-09-30 00:00:00,968.51
0000000640,4,PID000640,SID6745,2024-10-01 00:00:00,193.67
0000000641,2,PID000641,SID2260,2024-10-02 00:00:00,869.94
0000000642,2,PID000642,SID1630,2024-10-03 00:00:00,778.83
0000000643,4,PID000643,SID7768,2024-10-04 00:00:00,773.21
0000000644,1,PID000644,SID7765,2024-10-05 00:00:00,846.34
0000000645,4,PID000645,SID2300,2024-10-06 00:00:00,763.41
0000000646,1,PID000646,SID3249,2024-10-07 00:00:00,629.96
0000000647,1,PID000647,SID1638,2024-10-08 00:00:00,139.93
0000000648,1,PID000648,SID5541,2024-10-09 00:00:00,42.2
0000000649,4,PID000649,SID4795,2024-10-10 00:00:00,921.64
0000000650,1,PID000650,SID1975,2024-10-11 00:00:00,620.48
0000000651,3,PID000651,SID6097,2024-10-12 00:00:00,798.57
0000000652,4,PID000652,SID9063,2024-10-13 00:00:00,486.71
0000000653,3,PID000653,SID4455,2024-10-14 00:00:00,126.14
0000000654,1,PID000654,SID2133,2024-10-15 00:00:00,133.93
0000000655,2,PID000655,SID8426,2024-10-16 00:00:00,688.71
0000000656,1,PID000656,SID6840,2024-10-17 00:00:00,436.0
0000000657,3,PID000657,SID6600,2024-10-18 00:00:00,208.52
0000000658,3,PID000658,SID5712,2024-10-19 00:00:00,496.68
0000000659,4,PID000659,SID4312,2024-10-20 00:00:00,73.57
0000000660,2,PID000660,SID4101,2024-10-21 00:00:00,586.15
0000000661,4,PID000661,SID6726,2024-10-22 00:00:00,276.3
0000000662,3,PID000662,SID9823,2024-10-23 00:00:00,799.58
0000000663,1,PID000663,SID8971,2024-10-24 00:00:00,317.26
0000000664,2,PID000664,SID4759,2024-10-25 00:00:00,460.67
0000000665,1,PID000665,SID8244,2024-10-26 00:00:00,21.5
0000000666,1,PID000666,SID6388,2024-10-27 00:00:00,81.72
0000000667,2,PID000667,SID3143,2024-10-28 00:00:00,398.57
0000000668,4,PID000668,SID5928,2024-10-29 00:00:00,485.14
0000000669,1,PID000669,SID4528,2024-10-30 00:00:00,604.02
0000000670,3,PID000670,SID1725,2024-10-31 00:00:00,298.75
0000000671,1,PID000671,SID1436,2024-11-01 00:00:00,698.03
0000000672,2,PID000672,SID8771,2024-11-02 00:00:00,861.52
0000000673,2,PID000673,SID2685,2024-11-03 00:00:00,782.05
0000000674,2,PID000674,SID4176,2024-11-04 00:00:00,49.22
0000000675,4,PID000675,SID7597,2024-11-05 00:00:00,485.7
0000000676,1,PID000676,SID6843,2024-11-06 00:00:00,113.88
0000000677,4,PID000677,SID6092,2024-11-07 00:00:00,249.62
0000000678,4,PID000678,SID7304,2024-11-08 00:00:00,986.8
0000000679,2,PID000679,SID9228,2024-11-09 00:00:00,151.07
0000000680,2,PID000680,SID7475,2024-11-10 00:00:00,503.9
0000000681,4,PID000681,SID8415,2024-11-11 00:00:00,621.97
0000000682,1,PID000682,SID7337,2024-11-12 00:00:00,705.44
0000000683,3,PID000683,SID8311,2024-11-13 00:00:00,564.05
0000000684,4,PID000684,SID3812,2024-11-14 00:00:00,19.67
0000000685,1,PID000685,SID8330,2024-11-15 00:00:00,333.2
0000000686,2,PID000686,SID6882,2024-11-16 00:00:00,522.53
0000000687,2,PID000687,SID8719,2024-11-17 00:00:00,96.99
0000000688,1,PID000688,SID5831,2024-11-18 00:00:00,357.12
0000000689,3,PID000689,SID5472,2024-11-19 00:00:00,42.87
0000000690,2,PID000690,SID2437,2024-11-20 00:00:00,87.79
0000000691,2,PID000691,SID9590,2024-11-21 00:00:00,402.95
0000000692,2,PID000692,SID1538,2024-11-22 00:00:00,141.39
0000000693,1,PID000693,SID5251,2024-11-23 00:00:00,571.87
0000000694,4,PID000694,SID3717,2024-11-24 00:00:00,692.57
0000000695,2,PID000695,SID8692,2024-11-25 00:00:00,802.58
0000000696,4,PID000696,SID1765,2024-11-26 00:00:00,208.15
0000000697,3,PID000697,SID2010,2024-11-27 00:00:00,175.81
0000000698,2,PID000698,SID6077,2024-11-28 00:00:00,113.52
0000000699,2,PID000699,SID2589,2024-11-29 00:00:00,640.07
0000000700,3,PID000700,SID6656,2024-11-30 00:00:00,709.41
0000000701,2,PID000701,SID7566,2024-12-01 00:00:00,41.27
0000000702,4,PID000702,SID7048,2024-12-02 00:00:00,936.85
0000000703,1,PID000703,SID6554,2024-12-03 00:00:00,61.45
0000000704,4,PID000704,SID5645,2024-12-04 00:00:00,545.88
0000000705,1,PID000705,SID2921,2024-12-05 00:00:00,711.97
0000000706,1,PID000706,SID3711,2024-12-06 00:00:00,872.26
0000000707,4,PID000707,SID9365,2024-12-07 00:00:00,716.95
0000000708,4,PID000708,SID8794,2024-12-08 00:00:00,803.71
0000000709,4,PID000709,SID5247,2024-12-09 00:00:00,346.06
0000000710,4,PID000710,SID5583,2024-12-10 00:00:00,816.68
0000000711,3,PID000711,SID4789,2024-12-11 00:00:00,89.31
0000000712,2,PID000712,SID5344,2024-12-12 00:00:00,895.87
0000000713,1,PID000713,SID2592,2024-12-13 00:00:00,552.12
0000000714,4,PID000714,SID2937,2024-12-14 00:00:00,819.12
0000000715,4,PID000715,SID4030,2024-12-15 00:00:00,457.8
0000000716,4,PID000716,SID4456,2024-12-16 00:00:00,647.14
0000000717,3,PID000717,SID4163,2024-12-17 00:00:00,531.14
0000000718,4,PID000718,SID4286,2024-12-18 00:00:00,734.27
0000000719,4,PID000719,SID2035,2024-12-19 00:00:00,90.81
0000000720,4,PID000720,SID4414,2024-12-20 00:00:00,69.75
0000000721,2,PID000721,SID7573,2024-12-21 00:00:00,254.63
0000000722,3,PID000722,SID3617,2024-12-22 00:00:00,167.95
0000000723,4,PID000723,SID9833,2024-12-23 00:00:00,873.07
0000000724,1,PID000724,SID4206,2024-12-24 00:00:00,227.02
0000000725,1,PID000725,SID5640,2024-12-25 00:00:00,976.11
0000000726,1,PID000726,SID8617,2024-12-26 00:00:00,343.53
0000000727,3,PID000727,SID5259,2024-12-27 00:00:00,190.3
0000000728,3,PID000728,SID5286,2024-12-28 00:00:00,791.8
0000000729,1,PID000729,SID7998,2024-12-29 00:00:00,662.12
0000000730,4,PID000730,SID9270,2024-12-30 00:00:00,503.21
0000000731,3,PID000731,SID5302,2024-12-31 00:00:00,559.81
0000000732,1,PID000732,SID8578,2025-01-01 00:00:00,722.01
0000000733,1,PID000733,SID5432,2025-01-02 00:00:00,236.17
0000000734,4,PID000734,SID6561,2025-01-03 00:00:00,996.37
0000000735,2,PID000735,SID7969,2025-01-04 00:00:00,975.05
0000000736,3,PID000736,SID7813,2025-01-05 00:00:00,653.82
0000000737,4,PID000737,SID3877,2025-01-06 00:00:00,207.55
0000000738,1,PID000738,SID6668,2025-01-07 00:00:00,683.43
0000000739,1,PID000739,SID9701,2025-01-08 00:00:00,81.48
0000000740,4,PID000740,SID5819,2025-01-09 00:00:00,40.35
0000000741,3,PID000741,SID4265,2025-01-10 00:00:00,265.11
0000000742,2,PID000742,SID9440,2025-01-11 00:00:00,468.0
0000000743,2,PID000743,SID5592,2025-01-12 00:00:00,869.59
0000000744,1,PID000744,SID2836,2025-01-13 00:00:00,729.9
0000000745,3,PID000745,SID1255,2025-01-14 00:00:00,745.28
0000000746,2,PID000746,SID6396,2025-01-15 00:00:00,431.24
0000000747,3,PID000747,SID1962,2025-01-16 00:00:00,352.48
0000000748,3,PID000748,SID6122,2025-01-17 00:00:00,377.33
0000000749,1,PID000749,SID1975,2025-01-18 00:00:00,987.77
0000000750,2,PID000750,SID9376,2025-01-19 00:00:00,49.71
0000000751,4,PID000751,SID1671,2025-01-20 00:00:00,868.36
0000000752,1,PID000752,SID1412,2025-01-21 00:00:00,582.89
0000000753,2,PID000753,SID3044,2025-01-22 00:00:00,444.23
0000000754,2,PID000754,SID5086,2025-01-23 00:00:00,728.01
0000000755,2,PID000755,SID8375,2025-01-24 00:00:00,491.8
0000000756,2,PID000756,SID2784,2025-01-25 00:00:00,874.69
0000000757,2,PID000757,SID1029,2025-01-26 00:00:00,901.69
0000000758,3,PID000758,SID7890,2025-01-27 00:00:00,427.5
0000000759,1,PID000759,SID6558,2025-01-28 00:00:00,284.06
0000000760,3,PID000760,SID4417,2025-01-29 00:00:00,596.43
0000000761,4,PID000761,SID4094,2025-01-30 00:00:00,913.24
0000000762,2,PID000762,SID7051,2025-01-31 00:00:00,218.56
0000000763,1,PID000763,SID4692,2025-02-01 00:00:00,626.74
0000000764,2,PID000764,SID1025,2025-02-02 00:00:00,635.24
0000000765,1,PID000765,SID1375,2025-02-03 00:00:00,735.78
0000000766,3,PID000766,SID6191,2025-02-04 00:00:00,140.25
0000000767,1,PID000767,SID5354,2025-02-05 00:00:00,718.67
0000000768,4,PID000768,SID1577,2025-02-06 00:00:00,909.94
0000000769,4,PID000769,SID3405,2025-02-07 00:00:00,187.89
0000000770,1,PID000770,SID5901,2025-02-08 00:00:00,245.17
0000000771,1,PID000771,SID4190,2025-02-09 00:00:00,971.68
0000000772,1,PID000772,SID2080,2025-02-10 00:00:00,189.17
0000000773,1,PID000773,SID6739,2025-02-11 00:00:00,855.84
0000000774,4,PID000774,SID7829,2025-02-12 00:00:00,497.36
0000000775,2,PID000775,SID7799,2025-02-13 00:00:00,254.76
0000000776,1,PID000776,SID2352,2025-02-14 00:00:00,872.04
0000000777,1,PID000777,SID3487,2025-02-15 00:00:00,450.85
0000000778,4,PID000778,SID9238,2025-02-16 00:00:00,519.67
0000000779,4,PID000779,SID7331,2025-02-17 00:00:00,365.64
0000000780,3,PID000780,SID8276,2025-02-18 00:00:00,597.02
0000000781,1,PID000781,SID7980,2025-02-19 00:00:00,171.89
0000000782,3,PID000782,SID4629,2025-02-20 00:00:00,397.17
0000000783,4,PID000783,SID5382,2025-02-21 00:00:00,969.72
0000000784,4,PID000784,SID5614,2025-02-22 00:00:00,265.55
0000000785,2,PID000785,SID8163,2025-02-23 00:00:00,660.17
0000000786,1,PID000786,SID4031,2025-02-24 00:00:00,331.94
0000000787,3,PID000787,SID1204,2025-02-25 00:00:00,775.74
0000000788,4,PID000788,SID9852,2025-02-26 00:00:00,139.56
0000000789,4,PID000789,SID2649,2025-02-27 00:00:00,970.12
0000000790,3,PID000790,SID8004,2025-02-28 00:00:00,459.25
0000000791,2,PID000791,SID1371,2025-03-01 00:00:00,243.69
0000000792,4,PID000792,SID4025,2025-03-02 00:00:00,82.76
0000000793,1,PID000793,SID1668,2025-03-03 00:00:00,178.06
0000000794,4,PID000794,SID3342,2025-03-04 00:00:00,524.58
0000000795,1,PID000795,SID6408,2025-03-05 00:00:00,343.63
0000000796,3,PID000796,SID5789,2025-03-06 00:00:00,830.59
0000000797,1,PID000797,SID8680,2025-03-07 00:00:00,436.58
0000000798,3,PID000798,SID3736,2025-03-08 00:00:00,256.23
0000000799,1,PID000799,SID2970,2025-03-09 00:00:00,620.97
0000000800,3,PID000800,SID9620,2025-03-10 00:00:00,709.71
0000000801,1,PID000801,SID4249,2025-03-11 00:00:00,175.37
0000000802,2,PID000802,SID2945,2025-03-12 00:00:00,175.94
0000000803,1,PID000803,SID2992,2025-03-13 00:00:00,46.3
0000000804,1,PID000804,SID1537,2025-03-14 00:00:00,739.04
0000000805,2,PID000805,SID9961,2025-03-15 00:00:00,667.17
0000000806,4,PID000806,SID1454,2025-03-16 00:00:00,479.88
0000000807,4,PID000807,SID7958,2025-03-17 00:00:00,845.73
0000000808,1,PID000808,SID6163,2025-03-18 00:00:00,807.61
0000000809,2,PID000809,SID3988,2025-03-19 00:00:00,589.5
0000000810,1,PID000810,SID2335,2025-03-20 00:00:00,869.59
0000000811,3,PID000811,SID6676,2025-03-21 00:00:00,213.78
0000000812,3,PID000812,SID6234,2025-03-22 00:00:00,120.8
0000000813,1,PID000813,SID8231,2025-03-23 00:00:00,277.05
0000000814,4,PID000814,SID4146,2025-03-24 00:00:00,66.52
0000000815,4,PID000815,SID8838,2025-03-25 00:00:00,535.86
0000000816,1,PID000816,SID2314,2025-03-26 00:00:00,937.24
0000000817,1,PID000817,SID1245,2025-03-27 00:00:00,48.95
0000000818,3,PID000818,SID9435,2025-03-28 00:00:00,130.89
0000000819,4,PID000819,SID2712,2025-03-29 00:00:00,457.68
0000000820,1,PID000820,SID5901,2025-03-30 00:00:00,934.54
0000000821,3,PID000821,SID3422,2025-03-31 00:00:00,322.99
0000000822,4,PID000822,SID7986,2025-04-01 00:00:00,512.16
0000000823,2,PID000823,SID1755,2025-04-02 00:00:00,51.16
0000000824,3,PID000824,SID5848,2025-04-03 00:00:00,156.86
0000000825,4,PID000825,SID3931,2025-04-04 00:00:00,986.76
0000000826,4,PID000826,SID1741,2025-04-05 00:00:00,965.47
0000000827,3,PID000827,SID1010,2025-04-06 00:00:00,14.89
0000000828,2,PID000828,SID3640,2025-04-07 00:00:00,952.29
0000000829,3,PID000829,SID4615,2025-04-08 00:00:00,642.73
0000000830,4,PID000830,SID7054,2025-04-09 00:00:00,869.24
0000000831,1,PID000831,SID7607,2025-04-10 00:00:00,460.19
0000000832,1,PID000832,SID5387,2025-04-11 00:00:00,520.44
0000000833,3,PID000833,SID6612,2025-04-12 00:00:00,493.96
0000000834,4,PID000834,SID5710,2025-04-13 00:00:00,670.2
0000000835,1,PID000835,SID2810,2025-04-14 00:00:00,148.25
0000000836,4,PID000836,SID8438,2025-04-15 00:00:00,39.67
0000000837,3,PID000837,SID5913,2025-04-16 00:00:00,314.85
0000000838,1,PID000838,SID8737,2025-04-17 00:00:00,707.63
0000000839,4,PID000839,SID7197,2025-04-18 00:00:00,209.83
0000000840,1,PID000840,SID2871,2025-04-19 00:00:00,676.7
0000000841,3,PID000841,SID9354,2025-04-20 00:00:00,970.21
0000000842,4,PID000842,SID2683,2025-04-21 00:00:00,102.96
0000000843,1,PID000843,SID6134,2025-04-22 00:00:00,675.88
0000000844,3,PID000844,SID9236,2025-04-23 00:00:00,449.31
0000000845,1,PID000845,SID4339,2025-04-24 00:00:00,869.46
0000000846,1,PID000846,SID9416,2025-04-25 00:00:00,185.38
0000000847,2,PID000847,SID6793,2025-04-26 00:00:00,695.7
0000000848,2,PID000848,SID5191,2025-04-27 00:00:00,839.73
0000000849,3,PID000849,SID7873,2025-04-28 00:00:00,945.17
0000000850,2,PID000850,SID8596,2025-04-29 00:00:00,686.42
0000000851,3,PID000851,SID5318,2025-04-30 00:00:00,502.2
0000000852,2,PID000852,SID5677,2025-05-01 00:00:00,621.67
0000000853,1,PID000853,SID7625,2025-05-02 00:00:00,870.22
0000000854,3,PID000854,SID5636,2025-05-03 00:00:00,574.9
0000000855,3,PID000855,SID5479,2025-05-04 00:00:00,40.08
0000000856,1,PID000856,SID7170,2025-05-05 00:00:00,931.64
0000000857,3,PID000857,SID1728,2025-05-06 00:00:00,692.63
0000000858,3,PID000858,SID3776,2025-05-07 00:00:00,679.75
0000000859,2,PID000859,SID8652,2025-05-08 00:00:00,223.52
0000000860,3,PID000860,SID8785,2025-05-09 00:00:00,662.3
0000000861,4,PID000861,SID6007,2025-05-10 00:00:00,399.93
0000000862,1,PID000862,SID6384,2025-05-11 00:00:00,654.72
0000000863,2,PID000863,SID8674,2025-05-12 00:00:00,115.53
0000000864,2,PID000864,SID5246,2025-05-13 00:00:00,661.27
0000000865,4,PID000865,SID8443,2025-05-14 00:00:00,999.42
0000000866,1,PID000866,SID4575,2025-05-15 00:00:00,57.73
0000000867,1,PID000867,SID1124,2025-05-16 00:00:00,977.4
0000000868,2,PID000868,SID9706,2025-05-17 00:00:00,412.84
0000000869,3,PID000869,SID5198,2025-05-18 00:00:00,872.05
0000000870,2,PID000870,SID6712,2025-05-19 00:00:00,784.56
0000000871,1,PID000871,SID2314,2025-05-20 00:00:00,571.35
0000000872,4,PID000872,SID3035,2025-05-21 00:00:00,741.06
0000000873,2,PID000873,SID2987,2025-05-22 00:00:00,879.73
0000000874,1,PID000874,SID3536,2025-05-23 00:00:00,410.1
0000000875,2,PID000875,SID2226,2025-05-24 00:00:00,333.76
0000000876,3,PID000876,SID2361,2025-05-25 00:00:00,670.92
0000000877,2,PID000877,SID9988,2025-05-26 00:00:00,809.77
0000000878,2,PID000878,SID8777,2025-05-27 00:00:00,764.66
0000000879,1,PID000879,SID6179,2025-05-28 00:00:00,799.84
0000000880,1,PID000880,SID8109,2025-05-29 00:00:00,441.23
0000000881,1,PID000881,SID8986,2025-05-30 00:00:00,819.66
0000000882,2,PID000882,SID2450,2025-05-31 00:00:00,129.01
0000000883,3,PID000883,SID2093,2025-06-01 00:00:00,549.04
0000000884,4,PID000884,SID6577,2025-06-02 00:00:00,15.7
0000000885,4,PID000885,SID7302,2025-06-03 00:00:00,331.34
0000000886,1,PID000886,SID7917,2025-06-04 00:00:00,372.8
0000000887,1,PID000887,SID2485,2025-06-05 00:00:00,402.21
0000000888,2,PID000888,SID8097,2025-06-06 00:00:00,698.51
0000000889,4,PID000889,SID9951,2025-06-07 00:00:00,394.67
0000000890,1,PID000890,SID4283,2025-06-08 00:00:00,454.21
0000000891,3,PID000891,SID5500,2025-06-09 00:00:00,245.17
0000000892,3,PID000892,SID5701,2025-06-10 00:00:00,379.52
0000000893,1,PID000893,SID7915,2025-06-11 00:00:00,235.0
0000000894,1,PID000894,SID7928,2025-06-12 00:00:00,82.46
0000000895,4,PID000895,SID4654,2025-06-13 00:00:00,607.41
0000000896,4,PID000896,SID8047,2025-06-14 00:00:00,671.53
0000000897,2,PID000897,SID8473,2025-06-15 00:00:00,623.3
0000000898,4,PID000898,SID3182,2025-06-16 00:00:00,468.86
0000000899,3,PID000899,SID8353,2025-06-17 00:00:00,385.99
0000000900,3,PID000900,SID6310,2025-06-18 00:00:00,864.7
0000000901,1,PID000901,SID2307,2025-06-19 00:00:00,523.89
0000000902,4,PID000902,SID2154,2025-06-20 00:00:00,484.39
0000000903,2,PID000903,SID9860,2025-06-21 00:00:00,35.39
0000000904,3,PID000904,SID2456,2025-06-22 00:00:00,347.84
0000000905,3,PID000905,SID9700,2025-06-23 00:00:00,386.39
0000000906,2,PID000906,SID9385,2025-06-24 00:00:00,404.83
0000000907,2,PID000907,SID7927,2025-06-25 00:00:00,584.37
0000000908,3,PID000908,SID9933,2025-06-26 00:00:00,538.27
0000000909,3,PID000909,SID4926,2025-06-27 00:00:00,611.83
0000000910,2,PID000910,SID5096,2025-06-28 00:00:00,767.23
0000000911,3,PID000911,SID2132,2025-06-29 00:00:00,814.86
0000000912,1,PID000912,SID2773,2025-06-30 00:00:00,720.94
0000000913,1,PID000913,SID7728,2025-07-01 00:00:00,955.97
0000000914,2,PID000914,SID9691,2025-07-02 00:00:00,28.05
0000000915,4,PID000915,SID4524,2025-07-03 00:00:00,203.82
0000000916,2,PID000916,SID3574,2025-07-04 00:00:00,17.49
0000000917,2,PID000917,SID7144,2025-07-05 00:00:00,651.0
0000000918,4,PID000918,SID5607,2025-07-06 00:00:00,899.05
0000000919,4,PID000919,SID5097,2025-07-07 00:00:00,251.05
0000000920,4,PID000920,SID4213,2025-07-08 00:00:00,927.76
0000000921,1,PID000921,SID2471,2025-07-09 00:00:00,69.66
0000000922,3,PID000922,SID7052,2025-07-10 00:00:00,935.09
0000000923,1,PID000923,SID4246,2025-07-11 00:00:00,358.11
0000000924,3,PID000924,SID7949,2025-07-12 00:00:00,110.41
0000000925,1,PID000925,SID2776,2025-07-13 00:00:00,491.01
0000000926,3,PID000926,SID6060,2025-07-14 00:00:00,264.21
0000000927,1,PID000927,SID2268,2025-07-15 00:00:00,292.02
0000000928,4,PID000928,SID7782,2025-07-16 00:00:00,314.22
0000000929,2,PID000929,SID6250,2025-07-17 00:00:00,805.0
0000000930,1,PID000930,SID3627,2025-07-18 00:00:00,543.77
0000000931,3,PID000931,SID2918,2025-07-19 00:00:00,318.19
0000000932,4,PID000932,SID7210,2025-07-20 00:00:00,614.23
0000000933,1,PID000933,SID9090,2025-07-21 00:00:00,718.99
0000000934,1,PID000934,SID2818,2025-07-22 00:00:00,279.9
0000000935,4,PID000935,SID4102,2025-07-23 00:00:00,419.41
0000000936,1,PID000936,SID6598,2025-07-24 00:00:00,130.67
0000000937,2,PID000937,SID1633,2025-07-25 00:00:00,189.34
0000000938,1,PID000938,SID4399,2025-07-26 00:00:00,684.31
0000000939,2,PID000939,SID5200,2025-07-27 00:00:00,189.62
0000000940,2,PID000940,SID4233,2025-07-28 00:00:00,529.91
0000000941,4,PID000941,SID6251,2025-07-29 00:00:00,711.96
0000000942,1,PID000942,SID6717,2025-07-30 00:00:00,115.81
0000000943,4,PID000943,SID9698,2025-07-31 00:00:00,571.64
0000000944,1,PID000944,SID4883,2025-08-01 00:00:00,264.0
0000000945,1,PID000945,SID3065,2025-08-02 00:00:00,963.3
0000000946,3,PID000946,SID2072,2025-08-03 00:00:00,488.71
0000000947,1,PID000947,SID5270,2025-08-04 00:00:00,807.93
0000000948,4,PID000948,SID4670,2025-08-05 00:00:00,554.72
0000000949,2,PID000949,SID4523,2025-08-06 00:00:00,52.98
0000000950,1,PID000950,SID2979,2025-08-07 00:00:00,636.82
0000000951,3,PID000951,SID7609,2025-08-08 00:00:00,951.89
0000000952,4,PID000952,SID3808,2025-08-09 00:00:00,605.6
0000000953,1,PID000953,SID5046,2025-08-10 00:00:00,821.0
0000000954,4,PID000954,SID9525,2025-08-11 00:00:00,885.36
0000000955,3,PID000955,SID6955,2025-08-12 00:00:00,235.8
0000000956,3,PID000956,SID4021,2025-08-13 00:00:00,219.92
0000000957,4,PID000957,SID2387,2025-08-14 00:00:00,614.87
0000000958,1,PID000958,SID1863,2025-08-15 00:00:00,416.92
0000000959,2,PID000959,SID5657,2025-08-16 00:00:00,841.46
0000000960,3,PID000960,SID3319,2025-08-17 00:00:00,901.02
0000000961,1,PID000961,SID6902,2025-08-18 00:00:00,359.89
0000000962,1,PID000962,SID6240,2025-08-19 00:00:00,244.5
0000000963,2,PID000963,SID7865,2025-08-20 00:00:00,782.72
0000000964,3,PID000964,SID5064,2025-08-21 00:00:00,282.06
0000000965,3,PID000965,SID5966,2025-08-22 00:00:00,824.39
0000000966,1,PID000966,SID4028,2025-08-23 00:00:00,429.5
0000000967,1,PID000967,SID7950,2025-08-24 00:00:00,670.87
0000000968,2,PID000968,SID4226,2025-08-25 00:00:00,104.58
0000000969,2,PID000969,SID7691,2025-08-26 00:00:00,627.62
0000000970,3,PID000970,SID7908,2025-08-27 00:00:00,457.25
0000000971,4,PID000971,SID1693,2025-08-28 00:00:00,590.74
0000000972,3,PID000972,SID7745,2025-08-29 00:00:00,176.33
0000000973,1,PID000973,SID5802,2025-08-30 00:00:00,739.51
0000000974,3,PID000974,SID5223,2025-08-31 00:00:00,864.17
0000000975,4,PID000975,SID3378,2025-09-01 00:00:00,224.57
0000000976,2,PID000976,SID4903,2025-09-02 00:00:00,104.76
0000000977,4,PID000977,SID3952,2025-09-03 00:00:00,33.4
0000000978,4,PID000978,SID5122,2025-09-04 00:00:00,645.55
0000000979,4,PID000979,SID7718,2025-09-05 00:00:00,611.02
0000000980,2,PID000980,SID6057,2025-09-06 00:00:00,551.23
0000000981,4,PID000981,SID2586,2025-09-07 00:00:00,239.63
0000000982,4,PID000982,SID5704,2025-09-08 00:00:00,397.0
0000000983,4,PID000983,SID9447,2025-09-09 00:00:00,598.53
0000000984,1,PID000984,SID2273,2025-09-10 00:00:00,501.8
0000000985,4,PID000985,SID9928,2025-09-11 00:00:00,987.91
0000000986,2,PID000986,SID8971,2025-09-12 00:00:00,145.08
0000000987,4,PID000987,SID7295,2025-09-13 00:00:00,698.19
0000000988,4,PID000988,SID1495,2025-09-14 00:00:00,410.28
0000000989,2,PID000989,SID6034,2025-09-15 00:00:00,433.92
0000000990,4,PID000990,SID9297,2025-09-16 00:00:00,720.42
0000000991,2,PID000991,SID7073,2025-09-17 00:00:00,695.51
0000000992,4,PID000992,SID6519,2025-09-18 00:00:00,991.34
0000000993,2,PID000993,SID3436,2025-09-19 00:00:00,137.11
0000000994,4,PID000994,SID7356,2025-09-20 00:00:00,113.07
0000000995,4,PID000995,SID1291,2025-09-21 00:00:00,727.1
0000000996,1,PID000996,SID5634,2025-09-22 00:00:00,582.6
0000000997,1,PID000997,SID3085,2025-09-23 00:00:00,281.42
0000000998,4,PID000998,SID5289,2025-09-24 00:00:00,88.63
0000000999,4,PID000999,SID5045,2025-09-25 00:00:00,94.8
0000001000,3,PID001000,SID5128,2025-09-26 00:00:00,895.25
0000001001,2,PID001001,SID4490,2025-09-27 00:00:00,199.95
0000001002,3,PID001002,SID4484,2025-09-28 00:00:00,330.14
0000001003,1,PID001003,SID7739,2025-09-29 00:00:00,234.39
0000001004,1,PID001004,SID7579,2025-09-30 00:00:00,361.45
0000001005,1,PID001005,SID8581,2025-10-01 00:00:00,78.73
0000001006,1,PID001006,SID7061,2025-10-02 00:00:00,523.87
0000001007,4,PID001007,SID2174,2025-10-03 00:00:00,76.94
0000001008,1,PID001008,SID1589,2025-10-04 00:00:00,802.35
0000001009,4,PID001009,SID1711,2025-10-05 00:00:00,241.37
0000001010,4,PID001010,SID7160,2025-10-06 00:00:00,544.61
0000001011,1,PID001011,SID7471,2025-10-07 00:00:00,881.28
0000001012,1,PID001012,SID3764,2025-10-08 00:00:00,654.37
0000001013,2,PID001013,SID5286,2025-10-09 00:00:00,537.63
0000001014,3,PID001014,SID1924,2025-10-10 00:00:00,331.09
0000001015,1,PID001015,SID3135,2025-10-11 00:00:00,339.67
0000001016,2,PID001016,SID3555,2025-10-12 00:00:00,672.79
0000001017,2,PID001017,SID1330,2025-10-13 00:00:00,994.2
0000001018,3,PID001018,SID9331,2025-10-14 00:00:00,665.22
0000001019,4,PID001019,SID5727,2025-10-15 00:00:00,562.21
0000001020,1,PID001020,SID5201,2025-10-16 00:00:00,733.34
0000001021,3,PID001021,SID5625,2025-10-17 00:00:00,470.55
0000001022,1,PID001022,SID8121,2025-10-18 00:00:00,69.54
0000001023,2,PID001023,SID1190,2025-10-19 00:00:00,566.67
0000001024,2,PID001024,SID3389,2025-10-20 00:00:00,958.05
0000001025,4,PID001025,SID5187,2025-10-21 00:00:00,183.55
0000001026,2,PID001026,SID8696,2025-10-22 00:00:00,693.1
0000001027,2,PID001027,SID2721,2025-10-23 00:00:00,208.92
0000001028,3,PID001028,SID3752,2025-10-24 00:00:00,540.47
0000001029,1,PID001029,SID3189,2025-10-25 00:00:00,105.71
0000001030,1,PID001030,SID9398,2025-10-26 00:00:00,455.87
0000001031,3,PID001031,SID3517,2025-10-27 00:00:00,758.6
0000001032,4,PID001032,SID1463,2025-10-28 00:00:00,354.1
0000001033,1,PID001033,SID4504,2025-10-29 00:00:00,668.26
0000001034,2,PID001034,SID7716,2025-10-30 00:00:00,797.5
0000001035,1,PID001035,SID5442,2025-10-31 00:00:00,927.91
0000001036,2,PID001036,SID4386,2025-11-01 00:00:00,242.3
0000001037,4,PID001037,SID3501,2025-11-02 00:00:00,405.32
0000001038,3,PID001038,SID7774,2025-11-03 00:00:00,160.89
0000001039,1,PID001039,SID7415,2025-11-04 00:00:00,992.56
0000001040,3,PID001040,SID6923,2025-11-05 00:00:00,927.73
0000001041,1,PID001041,SID7787,2025-11-06 00:00:00,544.56
0000001042,2,PID001042,SID5672,2025-11-07 00:00:00,843.61
0000001043,3,PID001043,SID4541,2025-11-08 00:00:00,525.75
0000001044,1,PID001044,SID4090,2025-11-09 00:00:00,627.35
0000001045,2,PID001045,SID7813,2025-11-10 00:00:00,98.23
0000001046,3,PID001046,SID2432,2025-11-11 00:00:00,757.72
0000001047,3,PID001047,SID6307,2025-11-12 00:00:00,136.44
0000001048,1,PID001048,SID3418,2025-11-13 00:00:00,827.81
0000001049,1,PID001049,SID6417,2025-11-14 00:00:00,784.21
0000001050,1,PID001050,SID2906,2025-11-15 00:00:00,711.66
0000001051,2,PID001051,SID4999,2025-11-16 00:00:00,45.8
0000001052,1,PID001052,SID9176,2025-11-17 00:00:00,310.1
0000001053,3,PID001053,SID5325,2025-11-18 00:00:00,270.48
0000001054,3,PID001054,SID9192,2025-11-19 00:00:00,366.54
0000001055,1,PID001055,SID5720,2025-11-20 00:00:00,96.77
0000001056,1,PID001056,SID8107,2025-11-21 00:00:00,937.59
0000001057,4,PID001057,SID2741,2025-11-22 00:00:00,558.26
0000001058,3,PID001058,SID6103,2025-11-23 00:00:00,312.47
0000001059,2,PID001059,SID3248,2025-11-24 00:00:00,403.01
0000001060,4,PID001060,SID1740,2025-11-25 00:00:00,452.73
0000001061,1,PID001061,SID6794,2025-11-26 00:00:00,604.59
0000001062,1,PID001062,SID3005,2025-11-27 00:00:00,520.52
0000001063,3,PID001063,SID8136,2025-11-28 00:00:00,920.2
0000001064,1,PID001064,SID6181,2025-11-29 00:00:00,501.99
0000001065,2,PID001065,SID7105,2025-11-30 00:00:00,992.24
0000001066,3,PID001066,SID8886,2025-12-01 00:00:00,852.91
0000001067,1,PID001067,SID9208,2025-12-02 00:00:00,216.43
0000001068,3,PID001068,SID1867,2025-12-03 00:00:00,931.29
0000001069,1,PID001069,SID9152,2025-12-04 00:00:00,125.2
0000001070,1,PID001070,SID6395,2025-12-05 00:00:00,819.28
0000001071,1,PID001071,SID6778,2025-12-06 00:00:00,386.82
0000001072,2,PID001072,SID5361,2025-12-07 00:00:00,879.19
0000001073,2,PID001073,SID9312,2025-12-08 00:00:00,869.38
0000001074,3,PID001074,SID8333,2025-12-09 00:00:00,807.87
0000001075,1,PID001075,SID8402,2025-12-10 00:00:00,792.13
0000001076,1,PID001076,SID9216,2025-12-11 00:00:00,311.63
0000001077,2,PID001077,SID5522,2025-12-12 00:00:00,90.11
0000001078,1,PID001078,SID9684,2025-12-13 00:00:00,408.95
0000001079,2,PID001079,SID6265,2025-12-14 00:00:00,181.79
0000001080,1,PID001080,SID4961,2025-12-15 00:00:00,698.0
0000001081,3,PID001081,SID9460,2025-12-16 00:00:00,352.64
0000001082,1,PID001082,SID9415,2025-12-17 00:00:00,975.85
0000001083,1,PID001083,SID3074,2025-12-18 00:00:00,644.56
0000001084,4,PID001084,SID9219,2025-12-19 00:00:00,824.26
0000001085,2,PID001085,SID5013,2025-12-20 00:00:00,141.2
0000001086,1,PID001086,SID1498,2025-12-21 00:00:00,863.39
0000001087,1,PID001087,SID8451,2025-12-22 00:00:00,923.53
0000001088,4,PID001088,SID5433,2025-12-23 00:00:00,492.19
0000001089,4,PID001089,SID8030,2025-12-24 00:00:00,610.19
0000001090,2,PID001090,SID3737,2025-12-25 00:00:00,767.16
0000001091,4,PID001091,SID9633,2025-12-26 00:00:00,183.09
0000001092,3,PID001092,SID8749,2025-12-27 00:00:00,507.54
0000001093,4,PID001093,SID9511,2025-12-28 00:00:00,404.68
0000001094,3,PID001094,SID6836,2025-12-29 00:00:00,154.91
0000001095,2,PID001095,SID5607,2025-12-30 00:00:00,373.86
0000001096,2,PID001096,SID3384,2025-12-31 00:00:00,77.49
0000001097,2,PID001097,SID5467,2026-01-01 00:00:00,35.55
0000001098,2,PID001098,SID1861,2026-01-02 00:00:00,143.81
0000001099,2,PID001099,SID4973,2026-01-03 00:00:00,963.48
0000001100,3,PID001100,SID5123,2026-01-04 00:00:00,554.03
0000001101,3,PID001101,SID5476,2026-01-05 00:00:00,966.16
0000001102,2,PID001102,SID7007,2026-01-06 00:00:00,438.17
0000001103,4,PID001103,SID5781,2026-01-07 00:00:00,318.7
0000001104,1,PID001104,SID5243,2026-01-08 00:00:00,511.08
0000001105,2,PID001105,SID5707,2026-01-09 00:00:00,445.12
0000001106,4,PID001106,SID6319,2026-01-10 00:00:00,114.61
0000001107,1,PID001107,SID6483,2026-01-11 00:00:00,644.42
0000001108,2,PID001108,SID7230,2026-01-12 00:00:00,223.88
0000001109,2,PID001109,SID5207,2026-01-13 00:00:00,623.39
0000001110,3,PID001110,SID9094,2026-01-14 00:00:00,653.7
0000001111,1,PID001111,SID6143,2026-01-15 00:00:00,160.5
0000001112,1,PID001112,SID4385,2026-01-16 00:00:00,70.74
0000001113,4,PID001113,SID5675,2026-01-17 00:00:00,782.95
0000001114,3,PID001114,SID9248,2026-01-18 00:00:00,465.2
0000001115,3,PID001115,SID1764,2026-01-19 00:00:00,67.58
0000001116,3,PID001116,SID3169,2026-01-20 00:00:00,994.92
0000001117,3,PID001117,SID7737,2026-01-21 00:00:00,67.2
0000001118,1,PID001118,SID2901,2026-01-22 00:00:00,698.08
0000001119,1,PID001119,SID1638,2026-01-23 00:00:00,983.84
0000001120,2,PID001120,SID2327,2026-01-24 00:00:00,246.79
0000001121,2,PID001121,SID5197,2026-01-25 00:00:00,150.83
0000001122,3,PID001122,SID1857,2026-01-26 00:00:00,130.17
0000001123,3,PID001123,SID2125,2026-01-27 00:00:00,310.24
0000001124,3,PID001124,SID3728,2026-01-28 00:00:00,110.04
0000001125,2,PID001125,SID4419,2026-01-29 00:00:00,695.24
0000001126,4,PID001126,SID2938,2026-01-30 00:00:00,71.67
0000001127,4,PID001127,SID5303,2026-01-31 00:00:00,514.33
0000001128,2,PID001128,SID4779,2026-02-01 00:00:00,996.73
0000001129,2,PID001129,SID9240,2026-02-02 00:00:00,815.83
0000001130,2,PID001130,SID1547,2026-02-03 00:00:00,619.07
0000001131,2,PID001131,SID7788,2026-02-04 00:00:00,313.19
0000001132,2,PID001132,SID2791,2026-02-05 00:00:00,627.66
0000001133,2,PID001133,SID7952,2026-02-06 00:00:00,531.77
0000001134,3,PID001134,SID6228,2026-02-07 00:00:00,431.82
0000001135,3,PID001135,SID9349,2026-02-08 00:00:00,139.4
0000001136,3,PID001136,SID3640,2026-02-09 00:00:00,887.74
0000001137,3,PID001137,SID3390,2026-02-10 00:00:00,455.29
0000001138,2,PID001138,SID4062,2026-02-11 00:00:00,202.68
0000001139,4,PID001139,SID4694,2026-02-12 00:00:00,374.08
0000001140,1,PID001140,SID1876,2026-02-13 00:00:00,419.99
0000001141,2,PID001141,SID4598,2026-02-14 00:00:00,829.26
0000001142,1,PID001142,SID6122,2026-02-15 00:00:00,736.28
0000001143,4,PID001143,SID5832,2026-02-16 00:00:00,771.61
0000001144,3,PID001144,SID1769,2026-02-17 00:00:00,20.92
0000001145,4,PID001145,SID7076,2026-02-18 00:00:00,421.99
0000001146,2,PID001146,SID6323,2026-02-19 00:00:00,486.53
0000001147,3,PID001147,SID7233,2026-02-20 00:00:00,29.0
0000001148,2,PID001148,SID4810,2026-02-21 00:00:00,267.22
0000001149,3,PID001149,SID2323,2026-02-22 00:00:00,762.69
0000001150,1,PID001150,SID2258,2026-02-23 00:00:00,145.74
0000001151,1,PID001151,SID2038,2026-02-24 00:00:00,539.96
0000001152,1,PID001152,SID8596,2026-02-25 00:00:00,223.05
0000001153,4,PID001153,SID9084,2026-02-26 00:00:00,22.0
0000001154,2,PID001154,SID5441,2026-02-27 00:00:00,248.79
0000001155,4,PID001155,SID4042,2026-02-28 00:00:00,976.12
0000001156,1,PID001156,SID1946,2026-03-01 00:00:00,803.52
0000001157,2,PID001157,SID5245,2026-03-02 00:00:00,959.98
0000001158,1,PID001158,SID4835,2026-03-03 00:00:00,492.98
0000001159,4,PID001159,SID9359,2026-03-04 00:00:00,118.64
0000001160,4,PID001160,SID8287,2026-03-05 00:00:00,552.48
0000001161,4,PID001161,SID4903,2026-03-06 00:00:00,459.83
0000001162,1,PID001162,SID9126,2026-03-07 00:00:00,845.91
0000001163,2,PID001163,SID6446,2026-03-08 00:00:00,107.1
0000001164,2,PID001164,SID5739,2026-03-09 00:00:00,493.36
0000001165,1,PID001165,SID5111,2026-03-10 00:00:00,158.55
0000001166,2,PID001166,SID2504,2026-03-11 00:00:00,331.43
0000001167,1,PID001167,SID9981,2026-03-12 00:00:00,739.98
0000001168,2,PID001168,SID3206,2026-03-13 00:00:00,481.26
0000001169,3,PID001169,SID7826,2026-03-14 00:00:00,382.13
0000001170,3,PID001170,SID1865,2026-03-15 00:00:00,400.53
0000001171,4,PID001171,SID3974,2026-03-16 00:00:00,464.85
0000001172,3,PID001172,SID1858,2026-03-17 00:00:00,787.17
0000001173,3,PID001173,SID2550,2026-03-18 00:00:00,893.16
0000001174,3,PID001174,SID2134,2026-03-19 00:00:00,955.78
0000001175,1,PID001175,SID9608,2026-03-20 00:00:00,789.03
0000001176,3,PID001176,SID6089,2026-03-21 00:00:00,322.25
0000001177,3,PID001177,SID1158,2026-03-22 00:00:00,691.25
0000001178,4,PID001178,SID2842,2026-03-23 00:00:00,443.23
0000001179,3,PID001179,SID9050,2026-03-24 00:00:00,262.12
0000001180,3,PID001180,SID6814,2026-03-25 00:00:00,842.46
0000001181,2,PID001181,SID3328,2026-03-26 00:00:00,48.04
0000001182,4,PID001182,SID5144,2026-03-27 00:00:00,902.74
0000001183,4,PID001183,SID6879,2026-03-28 00:00:00,466.86
0000001184,4,PID001184,SID3203,2026-03-29 00:00:00,640.83
0000001185,4,PID001185,SID3515,2026-03-30 00:00:00,662.76
0000001186,4,PID001186,SID3131,2026-03-31 00:00:00,896.17
0000001187,4,PID001187,SID7320,2026-04-01 00:00:00,640.3
0000001188,1,PID001188,SID9618,2026-04-02 00:00:00,617.79
0000001189,3,PID001189,SID1620,2026-04-03 00:00:00,75.99
0000001190,4,PID001190,SID1001,2026-04-04 00:00:00,523.22
0000001191,3,PID001191,SID1521,2026-04-05 00:00:00,158.67
0000001192,3,PID001192,SID5571,2026-04-06 00:00:00,740.06
0000001193,1,PID001193,SID6967,2026-04-07 00:00:00,517.1
0000001194,4,PID001194,SID3871,2026-04-08 00:00:00,683.43
0000001195,2,PID001195,SID4786,2026-04-09 00:00:00,51.26
0000001196,1,PID001196,SID5369,2026-04-10 00:00:00,93.94
0000001197,2,PID001197,SID5273,2026-04-11 00:00:00,719.16
0000001198,3,PID001198,SID4911,2026-04-12 00:00:00,81.36
0000001199,3,PID001199,SID5848,2026-04-13 00:00:00,80.54
0000001200,1,PID001200,SID3276,2026-04-14 00:00:00,21.99
